[
	{
		"region":1,
		"start":532535,
		"stop":565916,
		"completeness":"intact",
		"most_common_phage":"PHAGE_Entero_HK629_NC_019711",
		"GC":49.15
	},
	{
		"region":2,
		"start":916451,
		"stop":938356,
		"completeness":"intact",
		"most_common_phage":"PHAGE_Entero_BP_4795_NC_004813",
		"GC":53.93
	},
	{
		"region":3,
		"start":1540912,
		"stop":1592714,
		"completeness":"intact",
		"most_common_phage":"PHAGE_Entero_HK630_NC_019723",
		"GC":49.60
	},
	{
		"region":4,
		"start":1865174,
		"stop":1905375,
		"completeness":"intact",
		"most_common_phage":"PHAGE_Klebsi_4LV2017_NC_047818",
		"GC":52.62
	},
	{
		"region":5,
		"start":1924875,
		"stop":1960044,
		"completeness":"intact",
		"most_common_phage":"PHAGE_Entero_DE3_NC_042057",
		"GC":52.79
	},
	{
		"region":6,
		"start":1987033,
		"stop":2052780,
		"completeness":"intact",
		"most_common_phage":"PHAGE_Burkho_phiE255_NC_009237",
		"GC":50.65
	},
	{
		"region":7,
		"start":2051027,
		"stop":2088121,
		"completeness":"intact",
		"most_common_phage":"PHAGE_Geobac_E2_NC_009552",
		"GC":51.13
	},
	{
		"region":8,
		"start":2745859,
		"stop":2796274,
		"completeness":"intact",
		"most_common_phage":"PHAGE_Escher_TL_2011b_NC_019445",
		"GC":49.63
	},
	{
		"region":9,
		"start":2923628,
		"stop":2947195,
		"completeness":"intact",
		"most_common_phage":"PHAGE_Escher_500465_1_NC_049342",
		"GC":49.97
	},
	{
		"region":10,
		"start":3531671,
		"stop":3580583,
		"completeness":"intact",
		"most_common_phage":"PHAGE_Entero_fiAA91_ss_NC_022750",
		"GC":48.81
	},
	{
		"region":11,
		"start":4624399,
		"stop":4642784,
		"completeness":"intact",
		"most_common_phage":"PHAGE_Burkho_phiE255_NC_009237",
		"GC":48.68
	},
	{
		"region":12,
		"start":5045597,
		"stop":5115368,
		"completeness":"intact",
		"most_common_phage":"PHAGE_Entero_mEp460_NC_019716",
		"GC":50.39
	}
]
