[
	{
		"region":1,
		"start":577531,
		"stop":588224,
		"completeness":"intact",
		"most_common_phage":"PHAGE_Entero_P4_NC_001609",
		"GC":49.75
	},
	{
		"region":2,
		"start":2089415,
		"stop":2132996,
		"completeness":"intact",
		"most_common_phage":"PHAGE_Shigel_Sf6_NC_005344",
		"GC":46.29
	},
	{
		"region":3,
		"start":2155695,
		"stop":2205660,
		"completeness":"intact",
		"most_common_phage":"PHAGE_Cronob_ESSI_2_NC_047854",
		"GC":52.49
	},
	{
		"region":4,
		"start":2462671,
		"stop":2497216,
		"completeness":"intact",
		"most_common_phage":"PHAGE_Escher_pro483_NC_028943",
		"GC":51.78
	},
	{
		"region":5,
		"start":3046167,
		"stop":3111968,
		"completeness":"intact",
		"most_common_phage":"PHAGE_Entero_mEp460_NC_019716",
		"GC":48.35
	},
	{
		"region":6,
		"start":3306250,
		"stop":3315320,
		"completeness":"questionable",
		"most_common_phage":"PHAGE_Entero_phiP27_NC_003356",
		"GC":48.33
	},
	{
		"region":7,
		"start":3329245,
		"stop":3362269,
		"completeness":"questionable",
		"most_common_phage":"PHAGE_Shigel_POCJ13_NC_025434",
		"GC":47.61
	},
	{
		"region":8,
		"start":3572837,
		"stop":3624063,
		"completeness":"intact",
		"most_common_phage":"PHAGE_Entero_DE3_NC_042057",
		"GC":49.67
	},
	{
		"region":9,
		"start":4555240,
		"stop":4570126,
		"completeness":"incomplete",
		"most_common_phage":"PHAGE_Shigel_SfII_NC_021857",
		"GC":47.96
	}
]
