[
	{
		"region":1,
		"start":34024,
		"stop":95033,
		"completeness":"intact",
		"most_common_phage":"PHAGE_Entero_DE3_NC_042057",
		"GC":52.21
	},
	{
		"region":2,
		"start":92396,
		"stop":141658,
		"completeness":"intact",
		"most_common_phage":"PHAGE_Entero_lambda_NC_001416",
		"GC":48.70
	},
	{
		"region":3,
		"start":244084,
		"stop":299010,
		"completeness":"intact",
		"most_common_phage":"PHAGE_Entero_BP_4795_NC_004813",
		"GC":51.83
	},
	{
		"region":4,
		"start":389748,
		"stop":416868,
		"completeness":"incomplete",
		"most_common_phage":"PHAGE_Entero_BP_4795_NC_004813",
		"GC":46.50
	},
	{
		"region":5,
		"start":589027,
		"stop":657633,
		"completeness":"intact",
		"most_common_phage":"PHAGE_Shigel_POCJ13_NC_025434",
		"GC":49.64
	},
	{
		"region":6,
		"start":1001645,
		"stop":1046081,
		"completeness":"intact",
		"most_common_phage":"PHAGE_Klebsi_4LV2017_NC_047818",
		"GC":50.93
	},
	{
		"region":7,
		"start":3389921,
		"stop":3430632,
		"completeness":"intact",
		"most_common_phage":"PHAGE_Entero_Mu_NC_000929",
		"GC":53.34
	},
	{
		"region":8,
		"start":4300454,
		"stop":4314439,
		"completeness":"questionable",
		"most_common_phage":"PHAGE_Salmon_118970_sal3_NC_031940",
		"GC":51.31
	}
]
