[
	{
		"region":1,
		"start":819778,
		"stop":875201,
		"completeness":"intact",
		"most_common_phage":"PHAGE_Entero_HK630_NC_019723",
		"GC":50.76
	},
	{
		"region":2,
		"start":1093207,
		"stop":1140351,
		"completeness":"intact",
		"most_common_phage":"PHAGE_Entero_mEp460_NC_019716",
		"GC":51.98
	},
	{
		"region":3,
		"start":1408116,
		"stop":1458331,
		"completeness":"intact",
		"most_common_phage":"PHAGE_Entero_DE3_NC_042057",
		"GC":50.14
	},
	{
		"region":4,
		"start":1758317,
		"stop":1808346,
		"completeness":"intact",
		"most_common_phage":"PHAGE_Entero_mEp460_NC_019716",
		"GC":49.93
	},
	{
		"region":5,
		"start":2141235,
		"stop":2183739,
		"completeness":"intact",
		"most_common_phage":"PHAGE_Entero_P88_NC_026014",
		"GC":51.74
	},
	{
		"region":6,
		"start":2664274,
		"stop":2710113,
		"completeness":"intact",
		"most_common_phage":"PHAGE_Salmon_HK620_NC_002730",
		"GC":46.22
	},
	{
		"region":7,
		"start":3335141,
		"stop":3369805,
		"completeness":"intact",
		"most_common_phage":"PHAGE_Escher_SH2026Stx1_NC_049919",
		"GC":49.18
	}
]
