[
	{
		"region":1,
		"start":237223,
		"stop":252370,
		"completeness":"incomplete",
		"most_common_phage":"PHAGE_Entero_mEp460_NC_019716",
		"GC":43.55
	},
	{
		"region":2,
		"start":628930,
		"stop":670317,
		"completeness":"intact",
		"most_common_phage":"PHAGE_Entero_SfV_NC_003444",
		"GC":50.43
	},
	{
		"region":3,
		"start":967145,
		"stop":1009414,
		"completeness":"intact",
		"most_common_phage":"PHAGE_Shigel_SfII_NC_021857",
		"GC":50.61
	},
	{
		"region":4,
		"start":1269661,
		"stop":1297337,
		"completeness":"questionable",
		"most_common_phage":"PHAGE_Entero_mEp460_NC_019716",
		"GC":46.81
	},
	{
		"region":5,
		"start":1525313,
		"stop":1549201,
		"completeness":"intact",
		"most_common_phage":"PHAGE_Entero_DE3_NC_042057",
		"GC":45.61
	},
	{
		"region":6,
		"start":1629835,
		"stop":1645943,
		"completeness":"incomplete",
		"most_common_phage":"PHAGE_Klebsi_ST512_KPC3phi13.2_NC_049452",
		"GC":47.40
	},
	{
		"region":7,
		"start":1703940,
		"stop":1740621,
		"completeness":"intact",
		"most_common_phage":"PHAGE_Escher_vB_EcoM_12474III_NC_049457",
		"GC":50.44
	},
	{
		"region":8,
		"start":2362172,
		"stop":2412160,
		"completeness":"intact",
		"most_common_phage":"PHAGE_Entero_mEp460_NC_019716",
		"GC":46.05
	},
	{
		"region":9,
		"start":3037966,
		"stop":3056569,
		"completeness":"questionable",
		"most_common_phage":"PHAGE_Entero_SfV_NC_003444",
		"GC":45.03
	}
]
