[
	{
		"region":1,
		"start":576503,
		"stop":589947,
		"completeness":"incomplete",
		"most_common_phage":"PHAGE_Entero_HK629_NC_019711",
		"GC":51.39
	},
	{
		"region":2,
		"start":899117,
		"stop":942410,
		"completeness":"questionable",
		"most_common_phage":"PHAGE_Klebsi_ST437_OXA245phi4.2_NC_049449",
		"GC":51.80
	},
	{
		"region":3,
		"start":1468602,
		"stop":1487672,
		"completeness":"questionable",
		"most_common_phage":"PHAGE_Salmon_118970_sal3_NC_031940",
		"GC":49.90
	},
	{
		"region":4,
		"start":1650331,
		"stop":1662383,
		"completeness":"incomplete",
		"most_common_phage":"PHAGE_Escher_vB_EcoS_swan01_NC_048202",
		"GC":49.92
	},
	{
		"region":5,
		"start":1682961,
		"stop":1698018,
		"completeness":"incomplete",
		"most_common_phage":"PHAGE_Entero_BP_4795_NC_004813",
		"GC":51.37
	},
	{
		"region":6,
		"start":2190588,
		"stop":2214683,
		"completeness":"questionable",
		"most_common_phage":"PHAGE_Escher_vB_EcoM_12474III_NC_049457",
		"GC":51.31
	}
]
