[
	{
		"region":1,
		"start":309475,
		"stop":366668,
		"completeness":"intact",
		"most_common_phage":"PHAGE_Entero_BP_4795_NC_004813",
		"GC":50.96
	},
	{
		"region":2,
		"start":641971,
		"stop":752144,
		"completeness":"intact",
		"most_common_phage":"PHAGE_Entero_YYZ_2008_NC_011356",
		"GC":51.57
	},
	{
		"region":3,
		"start":843727,
		"stop":894107,
		"completeness":"intact",
		"most_common_phage":"PHAGE_Entero_DE3_NC_042057",
		"GC":50.37
	},
	{
		"region":4,
		"start":886071,
		"stop":919360,
		"completeness":"questionable",
		"most_common_phage":"PHAGE_Phage_Gifsy_1_NC_010392",
		"GC":48.11
	},
	{
		"region":5,
		"start":923370,
		"stop":976850,
		"completeness":"intact",
		"most_common_phage":"PHAGE_Entero_BP_4795_NC_004813",
		"GC":51.52
	},
	{
		"region":6,
		"start":1138176,
		"stop":1196158,
		"completeness":"intact",
		"most_common_phage":"PHAGE_Entero_BP_4795_NC_004813",
		"GC":51.47
	},
	{
		"region":7,
		"start":1486197,
		"stop":1534388,
		"completeness":"intact",
		"most_common_phage":"PHAGE_Entero_cdtI_NC_009514",
		"GC":50.12
	},
	{
		"region":8,
		"start":2099097,
		"stop":2142366,
		"completeness":"intact",
		"most_common_phage":"PHAGE_Entero_P4_NC_001609",
		"GC":46.64
	},
	{
		"region":9,
		"start":2796672,
		"stop":2818453,
		"completeness":"incomplete",
		"most_common_phage":"PHAGE_Entero_mEp460_NC_019716",
		"GC":47.50
	},
	{
		"region":10,
		"start":4387450,
		"stop":4434371,
		"completeness":"questionable",
		"most_common_phage":"PHAGE_Escher_500465_1_NC_049342",
		"GC":45.64
	},
	{
		"region":11,
		"start":4689227,
		"stop":4698854,
		"completeness":"incomplete",
		"most_common_phage":"PHAGE_Shigel_Sf6_NC_005344",
		"GC":43.66
	},
	{
		"region":12,
		"start":4944990,
		"stop":4995443,
		"completeness":"intact",
		"most_common_phage":"PHAGE_Entero_YYZ_2008_NC_011356",
		"GC":51.18
	},
	{
		"region":13,
		"start":5029257,
		"stop":5047800,
		"completeness":"intact",
		"most_common_phage":"PHAGE_Salmon_118970_sal3_NC_031940",
		"GC":50.59
	},
	{
		"region":14,
		"start":5149173,
		"stop":5215633,
		"completeness":"intact",
		"most_common_phage":"PHAGE_Stx2_c_1717_NC_011357",
		"GC":50.91
	},
	{
		"region":15,
		"start":5248928,
		"stop":5292887,
		"completeness":"intact",
		"most_common_phage":"PHAGE_Entero_BP_4795_NC_004813",
		"GC":51.92
	},
	{
		"region":16,
		"start":5341660,
		"stop":5368722,
		"completeness":"intact",
		"most_common_phage":"PHAGE_Entero_P88_NC_026014",
		"GC":49.94
	},
	{
		"region":17,
		"start":5405453,
		"stop":5444608,
		"completeness":"intact",
		"most_common_phage":"PHAGE_Salmon_Fels_1_NC_010391",
		"GC":51.81
	}
]
