[
	{
		"region":1,
		"start":564755,
		"stop":586103,
		"completeness":"questionable",
		"most_common_phage":"PHAGE_Entero_lambda_NC_001416",
		"GC":43.27
	},
	{
		"region":2,
		"start":1198640,
		"stop":1216684,
		"completeness":"intact",
		"most_common_phage":"PHAGE_Shigel_SfIV_NC_022749",
		"GC":44.65
	},
	{
		"region":3,
		"start":1411969,
		"stop":1434823,
		"completeness":"questionable",
		"most_common_phage":"PHAGE_Escher_HK639_NC_016158",
		"GC":46.67
	},
	{
		"region":4,
		"start":1618855,
		"stop":1653915,
		"completeness":"intact",
		"most_common_phage":"PHAGE_Salmon_118970_sal3_NC_031940",
		"GC":45.61
	},
	{
		"region":5,
		"start":2465301,
		"stop":2477629,
		"completeness":"incomplete",
		"most_common_phage":"PHAGE_Shigel_SfIV_NC_022749",
		"GC":44.76
	}
]
