[
	{
		"region":1,
		"start":1228978,
		"stop":1268618,
		"completeness":"intact",
		"most_common_phage":"PHAGE_Escher_500465_1_NC_049342",
		"GC":47.49
	},
	{
		"region":2,
		"start":1268785,
		"stop":1307718,
		"completeness":"intact",
		"most_common_phage":"PHAGE_Entero_P88_NC_026014",
		"GC":52.69
	},
	{
		"region":3,
		"start":1415950,
		"stop":1462443,
		"completeness":"intact",
		"most_common_phage":"PHAGE_Escher_TL_2011b_NC_019445",
		"GC":49.18
	},
	{
		"region":4,
		"start":2464482,
		"stop":2547629,
		"completeness":"intact",
		"most_common_phage":"PHAGE_Entero_DE3_NC_042057",
		"GC":49.00
	},
	{
		"region":5,
		"start":2726801,
		"stop":2762660,
		"completeness":"intact",
		"most_common_phage":"PHAGE_Entero_lambda_NC_001416",
		"GC":48.61
	},
	{
		"region":6,
		"start":3032710,
		"stop":3058459,
		"completeness":"intact",
		"most_common_phage":"PHAGE_Escher_500465_1_NC_049342",
		"GC":52.63
	},
	{
		"region":7,
		"start":3400592,
		"stop":3440373,
		"completeness":"questionable",
		"most_common_phage":"PHAGE_Acinet_vB_AbaM_ME3_NC_041884",
		"GC":48.26
	},
	{
		"region":8,
		"start":4670184,
		"stop":4710523,
		"completeness":"intact",
		"most_common_phage":"PHAGE_Entero_P88_NC_026014",
		"GC":52.55
	},
	{
		"region":9,
		"start":5168597,
		"stop":5184462,
		"completeness":"questionable",
		"most_common_phage":"PHAGE_Escher_vB_EcoM_12474III_NC_049457",
		"GC":52.04
	},
	{
		"region":10,
		"start":5173911,
		"stop":5218507,
		"completeness":"intact",
		"most_common_phage":"PHAGE_Escher_vB_EcoM_12474III_NC_049457",
		"GC":51.88
	}
]
