[
	{
		"region":1,
		"start":558109,
		"stop":608823,
		"completeness":"intact",
		"most_common_phage":"PHAGE_Entero_lambda_NC_001416",
		"GC":50.19
	},
	{
		"region":2,
		"start":907374,
		"stop":933551,
		"completeness":"questionable",
		"most_common_phage":"PHAGE_Pectob_CBB_NC_041878",
		"GC":50.45
	},
	{
		"region":3,
		"start":961694,
		"stop":1001166,
		"completeness":"intact",
		"most_common_phage":"PHAGE_Escher_vB_EcoM_12474III_NC_049457",
		"GC":51.25
	},
	{
		"region":4,
		"start":1281903,
		"stop":1331955,
		"completeness":"intact",
		"most_common_phage":"PHAGE_Entero_DE3_NC_042057",
		"GC":49.84
	},
	{
		"region":5,
		"start":1432723,
		"stop":1479823,
		"completeness":"intact",
		"most_common_phage":"PHAGE_Entero_lambda_NC_001416",
		"GC":51.31
	},
	{
		"region":6,
		"start":2101684,
		"stop":2156963,
		"completeness":"intact",
		"most_common_phage":"PHAGE_Entero_cdtI_NC_009514",
		"GC":50.52
	},
	{
		"region":7,
		"start":2648580,
		"stop":2702834,
		"completeness":"intact",
		"most_common_phage":"PHAGE_Entero_P88_NC_026014",
		"GC":52.25
	},
	{
		"region":8,
		"start":2711572,
		"stop":2754131,
		"completeness":"intact",
		"most_common_phage":"PHAGE_Entero_Sf101_NC_027398",
		"GC":46.89
	},
	{
		"region":9,
		"start":2880177,
		"stop":2924846,
		"completeness":"intact",
		"most_common_phage":"PHAGE_Escher_TL_2011b_NC_019445",
		"GC":48.52
	},
	{
		"region":10,
		"start":3053554,
		"stop":3096698,
		"completeness":"intact",
		"most_common_phage":"PHAGE_Shigel_SfII_NC_021857",
		"GC":49.39
	},
	{
		"region":11,
		"start":4921724,
		"stop":4958961,
		"completeness":"intact",
		"most_common_phage":"PHAGE_Entero_P4_NC_001609",
		"GC":46.55
	},
	{
		"region":12,
		"start":5031567,
		"stop":5076066,
		"completeness":"intact",
		"most_common_phage":"PHAGE_Entero_mEp460_NC_019716",
		"GC":49.42
	}
]
