[
	{
		"region":1,
		"start":292365,
		"stop":329178,
		"completeness":"intact",
		"most_common_phage":"PHAGE_Entero_Mu_NC_000929",
		"GC":52.23
	},
	{
		"region":2,
		"start":1449673,
		"stop":1487838,
		"completeness":"incomplete",
		"most_common_phage":"PHAGE_Shigel_POCJ13_NC_025434",
		"GC":47.78
	},
	{
		"region":3,
		"start":1488160,
		"stop":1497967,
		"completeness":"incomplete",
		"most_common_phage":"PHAGE_Entero_phiP27_NC_003356",
		"GC":48.55
	},
	{
		"region":4,
		"start":1678707,
		"stop":1718860,
		"completeness":"intact",
		"most_common_phage":"PHAGE_Entero_lambda_NC_001416",
		"GC":51.27
	},
	{
		"region":5,
		"start":1712629,
		"stop":1746417,
		"completeness":"incomplete",
		"most_common_phage":"PHAGE_Entero_YYZ_2008_NC_011356",
		"GC":47.00
	},
	{
		"region":6,
		"start":2246371,
		"stop":2281129,
		"completeness":"intact",
		"most_common_phage":"PHAGE_Escher_pro483_NC_028943",
		"GC":51.29
	},
	{
		"region":7,
		"start":4249906,
		"stop":4284003,
		"completeness":"intact",
		"most_common_phage":"PHAGE_Entero_WPhi_NC_005056",
		"GC":51.64
	}
]
