[
	{
		"region":1,
		"start":503346,
		"stop":551202,
		"completeness":"intact",
		"most_common_phage":"PHAGE_Entero_HK629_NC_019711",
		"GC":48.13
	},
	{
		"region":2,
		"start":1391119,
		"stop":1436332,
		"completeness":"intact",
		"most_common_phage":"PHAGE_Entero_phi80_NC_021190",
		"GC":48.71
	},
	{
		"region":3,
		"start":1569504,
		"stop":1589068,
		"completeness":"questionable",
		"most_common_phage":"PHAGE_Entero_lambda_NC_001416",
		"GC":49.75
	},
	{
		"region":4,
		"start":1765356,
		"stop":1787025,
		"completeness":"questionable",
		"most_common_phage":"PHAGE_Entero_lambda_NC_001416",
		"GC":49.93
	},
	{
		"region":5,
		"start":2658028,
		"stop":2691605,
		"completeness":"incomplete",
		"most_common_phage":"PHAGE_Shigel_SfIV_NC_022749",
		"GC":53.28
	}
]
