[
	{
		"region":1,
		"start":1329346,
		"stop":1369120,
		"completeness":"intact",
		"most_common_phage":"PHAGE_Escher_500465_1_NC_049342",
		"GC":47.61
	},
	{
		"region":2,
		"start":1489115,
		"stop":1533214,
		"completeness":"intact",
		"most_common_phage":"PHAGE_Escher_TL_2011b_NC_019445",
		"GC":48.18
	},
	{
		"region":3,
		"start":2153143,
		"stop":2203260,
		"completeness":"intact",
		"most_common_phage":"PHAGE_Salmon_118970_sal3_NC_031940",
		"GC":49.83
	},
	{
		"region":4,
		"start":2590535,
		"stop":2652571,
		"completeness":"intact",
		"most_common_phage":"PHAGE_Entero_mEp460_NC_019716",
		"GC":48.84
	},
	{
		"region":5,
		"start":2804341,
		"stop":2864960,
		"completeness":"intact",
		"most_common_phage":"PHAGE_Entero_cdtI_NC_009514",
		"GC":47.38
	},
	{
		"region":6,
		"start":4440933,
		"stop":4481292,
		"completeness":"intact",
		"most_common_phage":"PHAGE_Entero_cdtI_NC_009514",
		"GC":49.75
	},
	{
		"region":7,
		"start":4788978,
		"stop":4805498,
		"completeness":"intact",
		"most_common_phage":"PHAGE_Burkho_phiE255_NC_009237",
		"GC":48.62
	}
]
