[
	{
		"region":1,
		"start":571938,
		"stop":612620,
		"completeness":"intact",
		"most_common_phage":"PHAGE_Escher_phiV10_NC_007804",
		"GC":49.23
	},
	{
		"region":2,
		"start":2757333,
		"stop":2806222,
		"completeness":"intact",
		"most_common_phage":"PHAGE_Entero_DE3_NC_042057",
		"GC":50.11
	},
	{
		"region":3,
		"start":3062982,
		"stop":3096458,
		"completeness":"incomplete",
		"most_common_phage":"PHAGE_Endosy_APSE_1_NC_000935",
		"GC":47.86
	},
	{
		"region":4,
		"start":3715637,
		"stop":3763086,
		"completeness":"intact",
		"most_common_phage":"PHAGE_Salmon_118970_sal3_NC_031940",
		"GC":49.51
	},
	{
		"region":5,
		"start":3787622,
		"stop":3804112,
		"completeness":"intact",
		"most_common_phage":"PHAGE_Burkho_phiE255_NC_009237",
		"GC":48.80
	},
	{
		"region":6,
		"start":5073282,
		"stop":5107329,
		"completeness":"questionable",
		"most_common_phage":"PHAGE_Salmon_SPN1S_NC_016761",
		"GC":52.11
	}
]
