[
	{
		"region":1,
		"start":287617,
		"stop":313770,
		"completeness":"incomplete",
		"most_common_phage":"PHAGE_Entero_BP_4795_NC_004813",
		"GC":44.18
	},
	{
		"region":2,
		"start":1165442,
		"stop":1197517,
		"completeness":"incomplete",
		"most_common_phage":"PHAGE_Entero_mEp460_NC_019716",
		"GC":46.03
	},
	{
		"region":3,
		"start":3953606,
		"stop":3995998,
		"completeness":"intact",
		"most_common_phage":"PHAGE_Shigel_SfII_NC_021857",
		"GC":50.19
	},
	{
		"region":4,
		"start":4640480,
		"stop":4662596,
		"completeness":"questionable",
		"most_common_phage":"PHAGE_Entero_SfV_NC_003444",
		"GC":46.41
	}
]
