[
	{
		"region":1,
		"start":908948,
		"stop":945479,
		"completeness":"intact",
		"most_common_phage":"PHAGE_Klebsi_4LV2017_NC_047818",
		"GC":50.22
	},
	{
		"region":2,
		"start":1324634,
		"stop":1387591,
		"completeness":"intact",
		"most_common_phage":"PHAGE_Entero_DE3_NC_042057",
		"GC":50.53
	},
	{
		"region":3,
		"start":1394721,
		"stop":1452282,
		"completeness":"intact",
		"most_common_phage":"PHAGE_Entero_DE3_NC_042057",
		"GC":50.11
	},
	{
		"region":4,
		"start":3009020,
		"stop":3066961,
		"completeness":"intact",
		"most_common_phage":"PHAGE_Entero_HK629_NC_019711",
		"GC":49.37
	}
]
