[
	{
		"region":1,
		"start":1754281,
		"stop":1804897,
		"completeness":"intact",
		"most_common_phage":"PHAGE_Shigel_SfII_NC_021857",
		"GC":48.56
	},
	{
		"region":2,
		"start":2188595,
		"stop":2229528,
		"completeness":"intact",
		"most_common_phage":"PHAGE_Entero_Sf101_NC_027398",
		"GC":47.42
	},
	{
		"region":3,
		"start":3059673,
		"stop":3109627,
		"completeness":"intact",
		"most_common_phage":"PHAGE_Entero_DE3_NC_042057",
		"GC":49.17
	},
	{
		"region":4,
		"start":3388921,
		"stop":3431824,
		"completeness":"intact",
		"most_common_phage":"PHAGE_Klebsi_4LV2017_NC_047818",
		"GC":49.59
	},
	{
		"region":5,
		"start":3504942,
		"stop":3552647,
		"completeness":"intact",
		"most_common_phage":"PHAGE_Shigel_SfII_NC_021857",
		"GC":50.74
	},
	{
		"region":6,
		"start":4483028,
		"stop":4536317,
		"completeness":"intact",
		"most_common_phage":"PHAGE_Entero_mEp460_NC_019716",
		"GC":50.03
	}
]
