[
	{
		"region":1,
		"start":2418056,
		"stop":2468152,
		"completeness":"intact",
		"most_common_phage":"PHAGE_Shigel_SfII_NC_021857",
		"GC":48.91
	},
	{
		"region":2,
		"start":2666220,
		"stop":2730572,
		"completeness":"intact",
		"most_common_phage":"PHAGE_Entero_mEp460_NC_019716",
		"GC":47.59
	},
	{
		"region":3,
		"start":3774164,
		"stop":3821615,
		"completeness":"intact",
		"most_common_phage":"PHAGE_Entero_Sf101_NC_027398",
		"GC":46.84
	},
	{
		"region":4,
		"start":4084414,
		"stop":4133015,
		"completeness":"intact",
		"most_common_phage":"PHAGE_Shigel_SfII_NC_021857",
		"GC":49.89
	}
]
