[
	{
		"region":1,
		"start":288195,
		"stop":332809,
		"completeness":"intact",
		"most_common_phage":"PHAGE_Entero_P4_NC_001609",
		"GC":46.88
	},
	{
		"region":2,
		"start":895316,
		"stop":933920,
		"completeness":"intact",
		"most_common_phage":"PHAGE_Entero_mEp460_NC_019716",
		"GC":49.34
	},
	{
		"region":3,
		"start":1163934,
		"stop":1216607,
		"completeness":"intact",
		"most_common_phage":"PHAGE_Entero_BP_4795_NC_004813",
		"GC":51.20
	},
	{
		"region":4,
		"start":1483087,
		"stop":1533622,
		"completeness":"intact",
		"most_common_phage":"PHAGE_Entero_BP_4795_NC_004813",
		"GC":49.24
	},
	{
		"region":5,
		"start":1523253,
		"stop":1546532,
		"completeness":"questionable",
		"most_common_phage":"PHAGE_Phage_Gifsy_1_NC_010392",
		"GC":45.43
	},
	{
		"region":6,
		"start":1553077,
		"stop":1604051,
		"completeness":"intact",
		"most_common_phage":"PHAGE_Entero_DE3_NC_042057",
		"GC":50.27
	},
	{
		"region":7,
		"start":1679518,
		"stop":1737866,
		"completeness":"intact",
		"most_common_phage":"PHAGE_Entero_DE3_NC_042057",
		"GC":49.78
	},
	{
		"region":8,
		"start":1737647,
		"stop":1783101,
		"completeness":"intact",
		"most_common_phage":"PHAGE_Entero_cdtI_NC_009514",
		"GC":52.47
	},
	{
		"region":9,
		"start":2067324,
		"stop":2172749,
		"completeness":"intact",
		"most_common_phage":"PHAGE_Entero_BP_4795_NC_004813",
		"GC":52.10
	},
	{
		"region":10,
		"start":2497621,
		"stop":2520987,
		"completeness":"intact",
		"most_common_phage":"PHAGE_Entero_P88_NC_026014",
		"GC":50.30
	},
	{
		"region":11,
		"start":2574793,
		"stop":2618865,
		"completeness":"intact",
		"most_common_phage":"PHAGE_Entero_BP_4795_NC_004813",
		"GC":51.91
	},
	{
		"region":12,
		"start":2655970,
		"stop":2718218,
		"completeness":"intact",
		"most_common_phage":"PHAGE_Stx2_c_1717_NC_011357",
		"GC":50.72
	},
	{
		"region":13,
		"start":2806240,
		"stop":2841933,
		"completeness":"intact",
		"most_common_phage":"PHAGE_Escher_pro483_NC_028943",
		"GC":50.69
	},
	{
		"region":14,
		"start":2879410,
		"stop":2998421,
		"completeness":"intact",
		"most_common_phage":"PHAGE_Entero_BP_4795_NC_004813",
		"GC":51.86
	},
	{
		"region":15,
		"start":3232539,
		"stop":3304424,
		"completeness":"intact",
		"most_common_phage":"PHAGE_Escher_PA28_NC_041935",
		"GC":48.54
	},
	{
		"region":16,
		"start":3555695,
		"stop":3601524,
		"completeness":"intact",
		"most_common_phage":"PHAGE_Escher_500465_1_NC_049342",
		"GC":46.11
	},
	{
		"region":17,
		"start":5164388,
		"stop":5205504,
		"completeness":"incomplete",
		"most_common_phage":"PHAGE_Entero_mEp460_NC_019716",
		"GC":48.45
	}
]
