[
	{
		"region":1,
		"start":2290208,
		"stop":2312062,
		"completeness":"incomplete",
		"most_common_phage":"PHAGE_Entero_mEp460_NC_019716",
		"GC":46.25
	},
	{
		"region":2,
		"start":3114617,
		"stop":3141236,
		"completeness":"incomplete",
		"most_common_phage":"PHAGE_Entero_BP_4795_NC_004813",
		"GC":44.41
	},
	{
		"region":3,
		"start":3625128,
		"stop":3648102,
		"completeness":"intact",
		"most_common_phage":"PHAGE_Entero_mEp460_NC_019716",
		"GC":49.02
	},
	{
		"region":4,
		"start":3944528,
		"stop":3973351,
		"completeness":"incomplete",
		"most_common_phage":"PHAGE_Entero_SfV_NC_003444",
		"GC":47.90
	},
	{
		"region":5,
		"start":4310160,
		"stop":4336768,
		"completeness":"incomplete",
		"most_common_phage":"PHAGE_Entero_mEp460_NC_019716",
		"GC":44.85
	}
]
