[
	{
		"region":1,
		"start":1239091,
		"stop":1285384,
		"completeness":"intact",
		"most_common_phage":"PHAGE_Entero_DE3_NC_042057",
		"GC":49.44
	},
	{
		"region":2,
		"start":2105981,
		"stop":2187026,
		"completeness":"intact",
		"most_common_phage":"PHAGE_Salmon_SJ46_NC_031129",
		"GC":48.15
	},
	{
		"region":3,
		"start":2191738,
		"stop":2247495,
		"completeness":"intact",
		"most_common_phage":"PHAGE_Entero_P1_NC_005856",
		"GC":48.05
	},
	{
		"region":4,
		"start":2967592,
		"stop":3012491,
		"completeness":"intact",
		"most_common_phage":"PHAGE_Escher_pro483_NC_028943",
		"GC":50.27
	},
	{
		"region":5,
		"start":3590290,
		"stop":3620707,
		"completeness":"intact",
		"most_common_phage":"PHAGE_Escher_500465_1_NC_049342",
		"GC":50.12
	},
	{
		"region":6,
		"start":4733056,
		"stop":4743750,
		"completeness":"intact",
		"most_common_phage":"PHAGE_Entero_P4_NC_001609",
		"GC":49.73
	},
	{
		"region":7,
		"start":4975493,
		"stop":4982956,
		"completeness":"intact",
		"most_common_phage":"PHAGE_Escher_pro483_NC_028943",
		"GC":52.08
	}
]
